,economy,GDP per capita (current US$),"Government expenditure on education, total (% of government expenditure)",Current health expenditure (% of GDP),Gini index,"Life expectancy at birth, total (years)",year,region,ncomelvl,incomelvl
14,AFE,1601.72765054704,18.1637001037598,6.44395355300087,,58.8272792062821,2010,,,
15,AFE,1735.58492331253,18.6526757626671,6.35389212552533,,59.2000040300701,2011,,,
16,AFE,1702.9691001504,19.4848194122314,6.16748822866704,,60.2495123598467,2012,,,
17,AFE,1673.22110186487,17.4679158828022,6.16127136570725,,60.895739752772,2013,,,
18,AFE,1656.16770915726,18.9779653549194,5.82088066015327,,61.2514360156709,2014,,,
19,AFE,1479.61525980543,17.3620891571045,5.9713905922151,,61.713030523495,2015,,,
20,AFE,1329.80728479234,17.3513063092566,6.06778640864792,,62.1679813169199,2016,,,
21,AFE,1520.21223076132,18.6662750914785,5.929017140206,,62.5912750961501,2017,,,
22,AFE,1538.90167917284,18.90159034729,5.789154817055,,63.3306913582336,2018,,,
23,AFE,1493.81793829992,18.5068975878254,5.81267571889709,,63.8572612837042,2019,,,
24,AFE,1344.10320999294,15.8905396021243,6.03580639616092,,63.7664840026943,2020,,,
25,AFE,1522.3933455926,15.5322399139404,6.04446785568353,,62.9799991857494,2021,,,
26,AFE,1628.31894446307,15.896857713541,5.72792044451625,,64.4870195456608,2022,,,
27,AFE,1510.74295082335,15.024640083313,,,65.146290855385,2023,,,
28,AFE,1567.63583892828,15.6886049826857,,,,2024,,,
43,AFW,1663.96693663873,16.5039100646973,3.53343608253321,,54.603353213388,2010,,,
44,AFW,1844.1985949993,14.8677701950073,3.50917780913662,,54.9639734890226,2011,,,
45,AFW,1941.36955612659,14.5397996902466,3.48115653658556,,55.2927058217917,2012,,,
46,AFW,2131.66206746081,14.9624490263963,3.6091851488304,,55.5549074075857,2013,,,
47,AFW,2221.01066549765,13.9848799705505,3.63725925102761,,55.6954463398569,2014,,,
48,AFW,1860.72769393488,14.7278146743775,3.87204089971725,,56.0383356484355,2015,,,
49,AFW,1630.03944681121,13.2992849349975,3.83469623415834,,56.3924518507367,2016,,,
50,AFW,1574.23056047232,16.137779712677,3.74252858246796,,56.6264388112566,2017,,,
51,AFW,1720.14027955102,16.8831596374512,3.30462450428005,,57.036976441386,2018,,,
52,AFW,1798.34068458315,14.8143742207793,3.32897540102703,,57.1498467555118,2019,,,
53,AFW,1680.03933212698,14.7968659004706,3.89296420486982,,57.3644254011107,2020,,,
54,AFW,1765.9547879785,15.3551631854332,4.15231880504646,,57.3625716910274,2021,,,
55,AFW,1796.66863273368,14.7336452370994,4.20982209551871,,57.9878133945189,2022,,,
56,AFW,1599.39298291654,15.3105804752341,,,58.8557215483276,2023,,,
57,AFW,1284.15444092323,,,,,2024,,,
103,ARB,5928.30535993301,,3.89077746016803,,69.8073221012027,2010,,,
104,ARB,6894.19536785393,,3.80471356751387,,69.3633376859826,2011,,,
105,ARB,7362.6299087983,,3.90426354064856,,69.842316602094,2012,,,
106,ARB,7351.94811264419,,4.1641143057585,,70.1921058451273,2013,,,
107,ARB,7311.28996894348,,4.48885412988452,,70.5350666310281,2014,,,
108,ARB,6262.04168490023,,4.98051029619013,,70.6580123695192,2015,,,
109,ARB,6012.51244365971,,5.25983389240317,,70.8964881164428,2016,,,
110,ARB,6066.72679100575,,5.13032433960265,,71.1128560080647,2017,,,
111,ARB,6668.2167280195,,4.84959687174719,,71.4312997859137,2018,,,
112,ARB,6638.48541455372,11.539159554871,4.95584429172273,,71.8398932674972,2019,,,
113,ARB,5722.48099531674,12.20389147999,5.71176359177651,,70.7265588103862,2020,,,
114,ARB,6681.70895180141,,5.27421179448308,,70.4041144889903,2021,,,
115,ARB,7931.61789279006,,4.43998203289225,,71.8760955992222,2022,,,
116,ARB,7479.68809103279,,,,72.4446783578531,2023,,,
117,ARB,7521.15330929761,,,,,2024,,,
537,CEB,12635.8166890856,11.0278196334839,6.88779811880389,,75.2939657786314,2010,,,
538,CEB,13997.441472478,10.8593997955322,6.59265548895026,,75.8884748834282,2011,,,
539,CEB,13104.103611889,10.9432148933411,6.60882080007899,,76.0033944660035,2012,,,
540,CEB,13712.7336488743,9.57987022399902,6.6692270401742,,76.3747350098375,2013,,,
541,CEB,14208.4595197236,10.5688896179199,6.59196833092193,,76.6887696437325,2014,,,
542,CEB,12596.9475064791,11.5371503829956,6.51682921310469,,76.5755119772504,2015,,,
543,CEB,12874.7406922285,11.2715997695923,6.66925865717259,,76.9703062304413,2016,,,
544,CEB,14339.8580613846,10.8128595352173,6.59863381075736,,76.929788715597,2017,,,
545,CEB,16245.193864543,11.1106195449829,6.54941720981653,,76.9764380835075,2018,,,
546,CEB,16551.8488917344,11.1711702346802,6.66415132130792,,77.2659141936307,2019,,,
547,CEB,16595.9352698049,10.4621200561523,7.2547964609141,,76.0162701269145,2020,,,
548,CEB,19239.8185020397,10.6039199829102,7.43813435081596,,74.7232827859077,2021,,,
549,CEB,19548.6930479638,10.5161952972412,7.02752581684412,,76.6522987292583,2022,,,
550,CEB,22699.5351734821,,,,77.8967836493153,2023,,,
551,CEB,24543.3040551653,,,,,2024,,,
731,CSS,12594.873505728,12.9033102202913,5.17912461683435,,71.0114366987074,2010,,,
732,CSS,13449.4807692589,11.1150541951613,5.01620167544247,,71.266093287793,2011,,,
733,CSS,14172.8904656639,11.2732949708338,4.97174628756924,,71.4019143290264,2012,,,
734,CSS,14504.715597077,11.7303844582749,5.09454194307306,,71.5692506084297,2013,,,
735,CSS,14888.5440422155,10.5093876319068,5.0830902932829,,71.7739411761824,2014,,,
736,CSS,14402.4725779389,12.3070447486926,5.43292838753599,,71.8641021665476,2015,,,
737,CSS,13297.7443496162,11.7850028841985,5.85146903027351,,72.0516361154512,2016,,,
738,CSS,13637.1207205804,9.88690577318633,6.04340285203463,,72.1731041595093,2017,,,
739,CSS,13815.3265154798,10.6522780521634,5.97905588721147,,72.2210854022703,2018,,,
740,CSS,13938.2023201976,10.4561041957235,6.1595804431491,,72.1292604830284,2019,,,
741,CSS,11925.7573950011,11.7162704467773,6.95111117623348,,71.9394359303317,2020,,,
742,CSS,13833.3099303464,10.0265197753906,6.54494143338545,,69.9228107471769,2021,,,
743,CSS,17355.8366579795,10.4055900573731,5.69269774449756,,72.8322921090608,2022,,,
744,CSS,17582.2636796878,9.82689952850342,,,73.1716450013098,2023,,,
745,CSS,20173.9564746676,8.86438591623742,,,,2024,,,
909,EAP,4057.86841611259,14.7111396789551,4.02259443656829,,73.7616390609633,2010,,,
910,EAP,4913.89621427227,12.7377796111409,4.1441461845362,,73.9857453156401,2011,,,
911,EAP,5434.8274709338,14.4072303771973,4.33958809561204,,74.2597872053228,2012,,,
912,EAP,5952.77111218013,15.367449760437,4.47127698982845,,74.4859323786011,2013,,,
913,EAP,6373.65105683767,15.0920205488982,4.5582784345775,,74.7194528121745,2014,,,
914,EAP,6589.77384002779,14.5541943244056,4.71920276681852,,74.9511243848739,2015,,,
915,EAP,6683.18386893998,13.4156131467957,4.75527776647786,,75.1559117663434,2016,,,
916,EAP,7241.92533795167,12.6456203460693,4.82032536758894,,75.2396714880306,2017,,,
917,EAP,8045.94448809301,12.1415599579518,4.91927044261438,,75.57828618156,2018,,,
918,EAP,8286.43967532333,11.4813636515408,5.06518052442302,,75.7689690321509,2019,,,
919,EAP,8391.36838432689,11.0687719907488,5.35322263142449,,75.6976393295064,2020,,,
920,EAP,9974.63640001599,11.5062064227785,5.26144564198792,,75.2781418410849,2021,,,
921,EAP,10106.8725194012,12.7649008301947,5.15451107926553,,75.9325409436903,2022,,,
922,EAP,10125.7668065643,12.0143851118856,,,75.8806830895266,2023,,,
923,EAP,10396.8255168912,13.0909885057471,,,,2024,,,
924,EAR,2936.94376472564,16.0323505401611,4.80639214632543,,67.8244434669729,2010,,,
925,EAR,3261.14562505487,15.423680305481,4.76389438298296,,68.2600380693651,2011,,,
926,EAR,3360.45461072029,16.1167023251159,4.84454772800885,,68.6094630284121,2012,,,
927,EAR,3363.11822444288,17.2339964069829,4.94075740664027,,68.962837783411,2013,,,
928,EAR,3431.30202471111,16.4692016361374,4.93320793504409,,69.3249758824304,2014,,,
929,EAR,3219.68827173818,16.0845552688873,5.09854921168731,,69.6305484421664,2015,,,
930,EAR,3269.98432817621,16.3329776387316,5.02838951772986,,69.9484837084835,2016,,,
931,EAR,3505.10621501561,17.0963897705078,4.86223472746513,,70.2729949393554,2017,,,
932,EAR,3515.76621670583,15.7180234935903,4.69420843554617,,70.5486659921504,2018,,,
933,EAR,3543.32390703605,14.5374343518522,4.6275304438921,,70.8424064605001,2019,,,
934,EAR,3250.74974734387,15.7641649523771,5.04675544515228,,69.8801308490982,2020,,,
935,EAR,3765.51079786712,15.3480166020191,5.07274654361778,,68.1790994839633,2021,,,
936,EAR,4113.00084852322,14.1554744728238,4.70314696610425,,71.4304552508694,2022,,,
937,EAR,4313.64804240795,13.2610232294175,,,71.7962449795855,2023,,,
938,EAR,4510.25268168449,15.5476634773113,,,,2024,,,
939,EAS,7760.44827813549,16.222620010376,6.26979601225505,,74.6299790050688,2010,,,
940,EAS,8929.66684535938,15.5679893431966,6.69464742386038,,74.8252830592191,2011,,,
941,EAS,9479.32344288198,18.0904197692871,6.74962187527116,,75.1059726864745,2012,,,
942,EAS,9522.66749841489,16.7030005455017,6.51094073877777,,75.3347729864006,2013,,,
943,EAS,9759.27563362099,15.5285301208496,6.50256005053995,,75.5644270391791,2014,,,
944,EAS,9657.52889618953,15.1455329623945,6.49133181360211,,75.7926010192992,2015,,,
945,EAS,9928.67149927477,15.3664102554321,6.56327262916991,,75.9870166732102,2016,,,
946,EAS,10526.6771695761,14.6880074737968,6.52232475551989,,76.0789923585537,2017,,,
947,EAS,11394.4809001741,14.5594902038574,6.53775020752183,,76.3914229383171,2018,,,
948,EAS,11578.2748298091,13.4748601913452,6.70689682888116,,76.586261929345,2019,,,
949,EAS,11595.2940923559,13.6221199035644,6.96951697935485,,76.5434376080231,2020,,,
950,EAS,13282.7636699758,12.1116104125977,6.7705042557205,,76.1530093756951,2021,,,
951,EAS,13084.2848090909,13.2538001992033,6.59011392833255,,76.6767834400676,2022,,,
952,EAS,13117.90954458,12.9540801048278,,,76.6595183258032,2023,,,
953,EAS,13349.0833109152,,,,,2024,,,
954,ECA,5995.07850827244,,5.1891620376585,,71.9125911481178,2010,,,
955,ECA,6762.72946012902,12.7295999526978,4.88929044066082,,72.1509502224104,2011,,,
956,ECA,7071.92003622417,13.2592048645019,4.89712849039962,,72.674516586065,2012,,,
957,ECA,7646.16667724963,13.3798046112061,4.81937615186538,,73.1274427758791,2013,,,
958,ECA,7273.11278224833,13.3243503570556,4.75235434187384,,73.4217488485404,2014,,,
959,ECA,6282.95418433325,12.2989859171737,4.7021024459818,,73.7582707874779,2015,,,
960,ECA,5977.68550933388,13.1315798759461,4.87922327821657,,74.0349273934992,2016,,,
961,ECA,6112.70276991575,12.9533596038818,4.78158233818152,,74.4074945113083,2017,,,
962,ECA,5952.2500299061,12.7352046966553,4.80504703093047,,74.5976698113306,2018,,,
963,ECA,6020.63670154835,13.3578996658325,4.99561710885262,,74.821186588313,2019,,,
964,ECA,5733.41761868436,12.7811498641968,5.54432585385682,,73.5589573506665,2020,,,
965,ECA,6623.35137698536,12.6954898834228,5.7178475812598,,72.8874329657208,2021,,,
966,ECA,7247.60981221236,13.1722602844238,4.71080839331069,,74.5786223390478,2022,,,
967,ECA,8571.4101866164,14.6913599967957,,,74.7987152767476,2023,,,
968,ECA,9668.56270854153,17.6099612245917,,,,2024,,,
969,ECS,23684.8766148124,11.4719696044922,9.20322168358826,,75.9954040762695,2010,,,
970,ECS,26221.7856583388,11.6148347854615,9.0431207246185,,76.4794121218072,2011,,,
971,ECS,25146.0197755091,11.7688450813293,9.04869175773033,,76.6805951350343,2012,,,
972,ECS,26177.1096409942,12.1239099502563,9.10388705419425,,77.0325566033376,2013,,,
973,ECS,26444.7930069568,11.8351898193359,9.20054303851503,,77.3536995594249,2014,,,
974,ECS,22676.9494565466,12.007269859314,9.28107151869154,,77.331142300321,2015,,,
975,ECS,22496.7758500912,12.4132900238037,9.32814781934217,,77.6815195796899,2016,,,
976,ECS,23780.6167949133,12.0508999824524,9.23345605676748,,77.8993049650609,2017,,,
977,ECS,25362.6758114579,11.7663798332214,9.25729160309247,,78.0322195043255,2018,,,
978,ECS,24975.4166431436,12.0098304748535,9.35631287074489,,78.3042683990405,2019,,,
979,ECS,24121.4791035767,11.5947098731995,10.5098507886557,,77.1757484533311,2020,,,
980,ECS,27591.4108786977,11.5167899131775,10.4078733502973,,76.7287266936821,2021,,,
981,ECS,27782.8616206223,11.7219200134277,9.7579376244363,,77.8361130850842,2022,,,
982,ECS,29835.7180523654,,,,78.3870183177038,2023,,,
983,ECS,31392.581963732,,,,,2024,,,
1014,EMU,37495.4820609396,10.8892550468445,10.2028568826319,,80.6989426195589,2010,,,
1015,EMU,40574.3722348559,11.148994922638,10.0833554297763,,81.1826341807676,2011,,,
1016,EMU,37486.6282216839,11.3020448684692,10.1705267268793,,81.1827315779388,2012,,,
1017,EMU,39101.8249052989,11.126540184021,10.220505475603,,81.4679843013023,2013,,,
1018,EMU,39982.9007375611,11.5191698074341,10.251976863143,,81.8932526571977,2014,,,
1019,EMU,34467.5766635134,11.1929650306702,10.2176508289844,,81.5193991217567,2015,,,
1020,EMU,35232.2695661265,12.0882301330567,10.1942688162357,,81.9075874931284,2016,,,
1021,EMU,37237.5363554552,10.9489402770996,10.1595085077389,,81.8840085594743,2017,,,
1022,EMU,40096.712205156,10.9289703369141,10.1492764413164,,82.0027602577719,2018,,,
1023,EMU,39212.5111497975,11.1527047157287,10.2330126694132,,82.2804211551829,2019,,,
1024,EMU,38234.5335889285,10.7690496444702,11.2232983183465,,81.4873571657503,2020,,,
1025,EMU,42967.2551656434,10.6934204101562,11.235856066116,,81.5839330415712,2021,,,
1026,EMU,41446.4322827569,10.8573799133301,10.7656610173112,,81.6212237452298,2022,,,
1027,EMU,45068.7010930397,,,,82.1920076156423,2023,,,
1028,EMU,46724.355622795,,,,,2024,,,
1088,EUU,33122.5582674613,11.0278196334839,9.89968263095373,,79.6354307923887,2010,,,
1089,EUU,35967.0114355608,10.9618196487427,9.83685182131104,,80.1439505204153,2011,,,
1090,EUU,33328.7719857616,11.1955099105835,9.92797482117321,,80.1657773209271,2012,,,
1091,EUU,34808.0025773528,11.4398002624512,9.98630846369403,,80.4734324600181,2013,,,
1092,EUU,35592.887487554,11.5191698074341,10.0074945151646,,80.8761653859288,2014,,,
1093,EUU,30769.090644109,11.5371503829956,9.95794688978061,,80.5708966220669,2015,,,
1094,EUU,31462.4341209885,12.0882301330567,9.95037914978453,,80.9530808081627,2016,,,
1095,EUU,33391.9679020533,11.0439596176147,9.8978413703562,,80.9303097853099,2017,,,
1096,EUU,36054.3954466385,11.0197949409485,9.87397794431498,,81.0317510064821,2018,,,
1097,EUU,35374.6443827131,11.1711702346802,9.93824507629029,,81.3194524901834,2019,,,
1098,EUU,34698.4032089427,10.7094945907593,10.8635020267304,,80.4414754678551,2020,,,
1099,EUU,39214.3660784805,10.6486701965332,10.8699478690085,,80.3071964400875,2021,,,
1100,EUU,37962.8295010744,10.6917295455933,10.3657237718615,,80.7129818383208,2022,,,
1101,EUU,41392.0743803078,,,,81.4114503796876,2023,,,
1102,EUU,43145.1566930223,,,,,2024,,,
1103,FCS,2014.90119741003,16.3383646011353,4.25743249505965,,59.3431607628088,2010,,,
1104,FCS,2053.09769693024,13.4843196868897,4.18745686132669,,59.627635588706,2011,,,
1105,FCS,2242.84085219764,14.8580098152161,4.19527601142811,,60.1008402450513,2012,,,
1106,FCS,2273.27217471253,14.7248982435275,4.34852996795256,,60.4548394321653,2013,,,
1107,FCS,2355.76885087242,14.1246004104614,4.30363848571546,,60.5536917998503,2014,,,
1108,FCS,1815.53207965872,13.243989944458,4.53219807696183,,60.7449931085508,2015,,,
1109,FCS,1635.50703091345,12.9639296531677,4.86144213921573,,60.9861836667017,2016,,,
1110,FCS,1706.44326854085,14.6950197219849,4.8001402448231,,61.2296826870124,2017,,,
1111,FCS,1823.31230335011,15.0369348526,4.49858072180743,,61.7825083062786,2018,,,
1112,FCS,1893.88268968493,13.0128054328601,4.42491781012373,,62.1379545505037,2019,,,
1113,FCS,1685.09795088858,12.5679098612738,4.89989569143417,,62.0663682854031,2020,,,
1114,FCS,1757.35640223069,15.2478069454576,5.16206490737885,,61.6086810439385,2021,,,
1115,FCS,1897.94911362527,,4.52034522651985,,62.702271566254,2022,,,
1116,FCS,1722.02197897444,,,,63.3499447771075,2023,,,
1117,FCS,1571.8004320986,,,,,2024,,,
1415,HIC,35725.9211082153,11.948920249939,11.3090316512824,,78.595698767804,2010,,,
1416,HIC,38728.2209958174,12.2191400527954,11.2596458233254,,78.9211536869619,2011,,,
1417,HIC,38632.5165717734,11.5067300796509,11.3658962812304,,79.0753647852261,2012,,,
1418,HIC,38968.5243253254,11.8087701797485,11.38473232913,,79.312724764351,2013,,,
1419,HIC,39409.7327768196,12.3636798858643,11.5884992692574,,79.5654246205344,2014,,,
1420,HIC,36571.192904688,12.5219798088074,12.0483984683967,,79.5243746239928,2015,,,
1421,HIC,37055.7538854894,12.7182898521423,12.2221051459278,,79.7243724353495,2016,,,
1422,HIC,38782.9175406853,12.1305198669434,12.1347213366664,,79.8538410660347,2017,,,
1423,HIC,41079.7872699609,11.9663095474243,12.0481157930597,,79.9668020572923,2018,,,
1424,HIC,41351.4989053257,12.2196102142334,12.2558567639943,,80.1994382042117,2019,,,
1425,HIC,40219.1360185556,11.9694595336914,13.7647316332356,,79.2043516940348,2020,,,
1426,HIC,45211.9410454249,11.715220451355,13.1255942028907,,78.8000564470189,2021,,,
1427,HIC,46655.1648590412,11.9818496704102,12.5210802528727,,79.4313242226593,2022,,,
1428,HIC,48708.4624685822,,,,80.1500151183354,2023,,,
1429,HIC,50443.9276011316,,,,,2024,,,
1460,HPC,808.777260698442,17.6112308502197,5.04303169349603,,58.7324571528893,2010,,,
1461,HPC,872.462990291189,16.0484294891357,4.96562431905959,,59.230074734651,2011,,,
1462,HPC,880.279390859021,16.1618499755859,4.83096971349363,,60.0854649142786,2012,,,
1463,HPC,957.533745929686,16.1913795471191,4.92548985847619,,60.6282276656734,2013,,,
1464,HPC,983.371112213922,17.2971000671387,4.91813103486331,,61.0402807980245,2014,,,
1465,HPC,917.999801798178,17.2212152481079,5.02278704340959,,61.561793936137,2015,,,
1466,HPC,900.498036025473,15.831259727478,4.92836437124015,,62.0038083727554,2016,,,
1467,HPC,939.745532135346,16.137779712677,4.69032068721239,,62.3151956659401,2017,,,
1468,HPC,977.345900504428,17.5215301513672,4.49476830122738,,62.798544258222,2018,,,
1469,HPC,984.570661558163,16.0102047920227,4.60641781189448,,63.0898004183278,2019,,,
1470,HPC,968.074022023344,14.7968659004706,4.98365290750334,,63.0726319690016,2020,,,
1471,HPC,1049.99987506014,15.6218187612312,4.93792863353534,,62.5313735700637,2021,,,
1472,HPC,1111.39185793698,14.9914706871899,4.78012671134464,,63.8404458555462,2022,,,
1473,HPC,1140.19606998258,15.024640083313,,,64.7159054177481,2023,,,
1474,HPC,1202.76979412349,14.6472260683702,,,,2024,,,
1520,IBD,4557.20920307518,15.0479698181152,5.12525177728144,,71.5021795019761,2010,,,
1521,IBD,5338.49008833531,13.846170425415,5.08164117868052,,71.8270333930904,2011,,,
1522,IBD,5614.90444436222,14.8948698043823,5.13957055980296,,72.1637222960649,2012,,,
1523,IBD,5865.32264205042,14.5678596496581,5.23316630250389,,72.4634418369101,2013,,,
1524,IBD,6002.37718511697,15.7181539700745,5.27600324461371,,72.751096616606,2014,,,
1525,IBD,5572.51411128581,15.1455329623945,5.37395549923702,,73.0330191420732,2015,,,
1526,IBD,5560.96329446574,14.7101402282715,5.40269190932112,,73.259443703247,2016,,,
1527,IBD,6080.71326559023,14.8612604141235,5.41780827568569,,73.4860165794436,2017,,,
1528,IBD,6429.48761275569,14.4778534251864,5.38293639349259,,73.7952368045971,2018,,,
1529,IBD,6517.95432240943,14.1095304489136,5.45720802156376,,74.0315931724484,2019,,,
1530,IBD,6236.68120499036,15.5269194763183,5.81889117609436,,73.29542288776,2020,,,
1531,IBD,7366.1147382175,14.7279815495858,5.69735415583245,,71.974522937271,2021,,,
1532,IBD,7745.39306575372,14.1957921032026,5.55008061997615,,74.251561351988,2022,,,
1533,IBD,7964.73675347128,13.4134232980856,,,74.5209699459191,2023,,,
1534,IBD,8253.92125275536,15.0780898232799,,,,2024,,,
1535,IBT,3712.16834474718,15.9758176659065,5.03808665029501,,68.9258375211718,2010,,,
1536,IBT,4320.70980905537,15.0819897651672,4.99305610679065,,69.2348841118727,2011,,,
1537,IBT,4529.03358074522,15.7451200485229,5.04796639732243,,69.5733667063985,2012,,,
1538,IBT,4729.04246964317,15.2219400405884,5.14223002903833,,69.8687516644892,2013,,,
1539,IBT,4841.00103049456,15.6754169546723,5.17438046028123,,70.1205938524779,2014,,,
1540,IBT,4494.44119703311,15.6922197341919,5.26669123979061,,70.3718991784647,2015,,,
1541,IBT,4467.69831583104,15.5377902984619,5.29062794382956,,70.6142743615375,2016,,,
1542,IBT,4853.16565473343,15.5590081594596,5.3041119055262,,70.8311670216616,2017,,,
1543,IBT,5111.82139451166,15.6013185527943,5.25673685186666,,71.153328289214,2018,,,
1544,IBT,5169.58132257986,14.2717185267026,5.32515364747832,,71.3942743859044,2019,,,
1545,IBT,4932.64621363092,15.0179139861907,5.67793303994023,,70.7491565630532,2020,,,
1546,IBT,5764.25548879941,14.7961370016582,5.59005565304359,,69.6682599282971,2021,,,
1547,IBT,6043.77728725502,14.2361097335815,5.44657164384059,,71.6779222363782,2022,,,
1548,IBT,6157.39821498709,13.8587750080111,,,72.0008209186498,2023,,,
1549,IBT,6340.63327027503,14.1914196014404,,,,2024,,,
1550,IDA,1108.42805626479,16.5039100646973,3.93999754837987,,60.9876114032049,2010,,,
1551,IDA,1224.23282773791,15.3433799743652,3.8176118016056,,61.348574321013,2011,,,
1552,IDA,1263.0860164259,15.8554248809814,3.82539446333277,,61.7824167764851,2012,,,
1553,IDA,1344.91303078657,16.1748008728027,3.96137716782555,,62.1411087728605,2013,,,
1554,IDA,1417.69621643476,15.63267993927,3.9148069742125,,62.3668503818576,2014,,,
1555,IDA,1350.62840308024,15.9641995429993,3.97662751842491,,62.6135498483383,2015,,,
1556,IDA,1316.75105884171,15.7474398612976,3.93247596582188,,62.9919508459629,2016,,,
1557,IDA,1358.71074719415,15.68577003479,3.86181474640687,,63.2736954244909,2017,,,
1558,IDA,1409.89867481954,16.1142961624282,3.64705127843516,,63.7309311828708,2018,,,
1559,IDA,1434.20463760134,14.2819134973306,3.65488361088858,,64.0885399952044,2019,,,
1560,IDA,1374.49201596905,14.7281237937903,3.92542716661687,,63.8022749850664,2020,,,
1561,IDA,1465.04691576142,15.045609995937,4.13670696339679,,63.4773799318061,2021,,,
1562,IDA,1551.17381360191,14.3321092964105,4.08217377450094,,64.8822902939527,2022,,,
1563,IDA,1458.94469071737,14.7291528247263,,,65.4535223135408,2023,,,
1564,IDA,1441.90853142035,14.1909799575806,,,,2024,,,
1565,IDB,1535.4341798865,18.5184593200684,3.51352641268768,,59.0515129063523,2010,,,
1566,IDB,1705.80920373982,14.8677701950073,3.40658552639972,,59.364406133511,2011,,,
1567,IDB,1844.38819134316,17.3305196762085,3.43544475966566,,59.6305637403653,2012,,,
1568,IDB,1968.06178223368,15.9794473252552,3.51137950693026,,59.8685731055257,2013,,,
1569,IDB,2095.05635792155,15.3474698066711,3.45449061927496,,60.0998681978251,2014,,,
1570,IDB,1947.83629776554,13.243989944458,3.50988877159275,,60.2944946354402,2015,,,
1571,IDB,1790.52401341516,15.0634803771973,3.55488565840022,,60.5761664527178,2016,,,
1572,IDB,1804.57402176769,15.9128103256226,3.60419078175519,,60.818392907263,2017,,,
1573,IDB,1869.41970744766,16.8831596374512,3.27728307690544,,61.0740542759518,2018,,,
1574,IDB,1878.13375771486,14.1786984993157,3.29103592320245,,61.3259973798573,2019,,,
1575,IDB,1735.42504387769,15.6666108638886,3.65014026242974,,60.8180066140619,2020,,,
1576,IDB,1857.19734593257,15.0616168171311,4.01645052641121,,60.876535738179,2021,,,
1577,IDB,1962.52152270807,15.5095016256821,4.02996297858208,,62.1288641416852,2022,,,
1578,IDB,1729.91982930792,13.9060519596099,,,62.4621643327349,2023,,,
1579,IDB,1565.83627113068,16.9715527068751,,,,2024,,,
1595,IDX,875.365651321211,16.1728191375732,4.3599451292677,,62.0443451288407,2010,,,
1596,IDX,960.849916561978,15.6959047317504,4.22751596604935,,62.4337521235987,2011,,,
1597,IDX,944.953146548279,15.8554248809814,4.25363454985739,,62.9600748198823,2012,,,
1598,IDX,1003.61549472905,16.1748008728027,4.45868714722811,,63.3857727829593,2013,,,
1599,IDX,1046.78539713604,15.63267993927,4.43073612584337,,63.6082110225495,2014,,,
1600,IDX,1023.94411088699,16.2116394042969,4.4724324698185,,63.8821179927396,2015,,,
1601,IDX,1058.23347491943,15.831259727478,4.28518581870696,,64.3101407903027,2016,,,
1602,IDX,1116.07416051941,15.6525497436523,4.09104706676024,,64.6098588988294,2017,,,
1603,IDX,1160.50418891873,15.8886226898467,3.97384021999127,,65.172890099339,2018,,,
1604,IDX,1194.07215693518,14.2921084679586,3.97315097159211,,65.5828691146811,2019,,,
1605,IDX,1179.86645615956,14.3359003067017,4.14955694023896,,65.411479068422,2020,,,
1606,IDX,1254.09572124934,14.909051739396,4.23491844689983,,64.8764634139942,2021,,,
1607,IDX,1330.40253875948,13.7557069120555,4.12458565126573,,66.3600605315493,2022,,,
1608,IDX,1319.43444336952,14.8236041330292,,,67.0538318903115,2023,,,
1609,IDX,1387.92937311476,13.4080981163871,,,,2024,,,
1893,LAC,8637.62473414238,15.9606747627259,7.23986343958014,,73.1190309784384,2010,,,
1894,LAC,9979.98044298679,15.423680305481,7.14991878807464,,73.6885627028693,2011,,,
1895,LAC,9823.23365099871,16.4788309434803,7.14693000341254,,73.9499064237775,2012,,,
1896,LAC,9971.16512159061,16.7128218955019,7.28965897135656,,74.169347496487,2013,,,
1897,LAC,9905.72186751887,17.1788854598999,7.43427275378918,,74.3770523065952,2014,,,
1898,LAC,8307.33369621788,17.9547243118286,7.79946436435624,,74.5553955667316,2015,,,
1899,LAC,7975.72164827005,17.9393291473389,7.83703135797356,,74.5306460760941,2016,,,
1900,LAC,8811.13555430764,17.9492292404175,8.02736355029074,,74.7006534427421,2017,,,
1901,LAC,8468.20128438484,17.1521797180176,7.86565597108048,,74.8906731016397,2018,,,
1902,LAC,8266.47471229954,15.7699664851245,7.86937860881447,,75.0513524613511,2019,,,
1903,LAC,6892.38171560913,16.1958599090576,8.2876438164754,,72.8759217271338,2020,,,
1904,LAC,7955.36133413771,16.4124130669766,8.13535309612735,,71.4377016432982,2021,,,
1905,LAC,9093.65274220086,16.7029294967652,7.78984926933923,,74.4897262626476,2022,,,
1906,LAC,10166.928671097,15.8277639847523,,,75.4986013301866,2023,,,
1907,LAC,10344.66889924,15.4425633054721,,,,2024,,,
1983,LCN,9183.09564355141,16.1029396057129,7.2153340716158,,73.4093227755616,2010,,,
1984,LCN,10333.4116793797,15.2931151390076,7.12963842180839,,73.9248923022491,2011,,,
1985,LCN,10343.77598096,17.0783793813984,7.13187348704183,,74.1643943654901,2012,,,
1986,LCN,10490.1720152148,16.7128218955019,7.28581683311252,,74.3809772735109,2013,,,
1987,LCN,10582.047349709,16.0146243417221,7.43595035972621,,74.5608348669826,2014,,,
1988,LCN,8758.631461288,16.4394738076224,7.79627993027649,,74.7432221893097,2015,,,
1989,LCN,8460.65543617298,17.93577003479,7.85001136183537,,74.6774848833781,2016,,,
1990,LCN,9308.69617088017,16.7305045127869,8.05270770790965,,74.8318087892113,2017,,,
1991,LCN,9032.03848276062,16.5778503417969,7.92292985727274,,75.052717198381,2018,,,
1992,LCN,8830.22782156102,15.3643186512467,7.94062069306511,,75.2042598654921,2019,,,
1993,LCN,7445.29645309345,16.1958599090576,8.38374816425483,,73.188934023043,2020,,,
1994,LCN,8597.53194021339,15.9248799718974,8.23371799180171,,71.8141668022872,2021,,,
1995,LCN,9716.03266743823,16.3748707258125,7.90136984174411,,74.647198943632,2022,,,
1996,LCN,10838.827948659,13.9669579469216,,,75.6435293327332,2023,,,
1997,LCN,11044.6796556507,14.6498257845882,,,,2024,,,
1998,LDC,815.33186696013,16.1025848388672,4.0973128920958,,61.0408922197593,2010,,,
1999,LDC,908.84557481049,15.118330001831,3.99787589967947,,61.5004569048315,2011,,,
2000,LDC,929.489014391782,15.1424598693847,3.9171407982915,,62.2254392368731,2012,,,
2001,LDC,986.62795159005,15.3488397598266,4.09605161548073,,62.7233526127091,2013,,,
2002,LDC,1035.12745031121,14.7779650688171,4.0925855292518,,62.9592572959739,2014,,,
2003,LDC,970.916596442798,14.5677795410156,4.20106038220469,,63.3049002618176,2015,,,
2004,LDC,963.946548212228,14.8975048065185,4.12616034681086,,63.7237270680356,2016,,,
2005,LDC,1030.33002221326,15.115309715271,3.97193465411109,,64.0339755156235,2017,,,
2006,LDC,1072.37486063383,14.4909696578979,3.82317805543959,,64.6022757660127,2018,,,
2007,LDC,1104.18633151052,13.0128054328601,3.75795579426461,,64.9724534415541,2019,,,
2008,LDC,1088.70490856513,13.9523090034298,3.89338014156628,,64.8323585417323,2020,,,
2009,LDC,1161.529354921,14.3892081064549,3.98524780059738,,64.267342334044,2021,,,
2010,LDC,1273.78979194705,12.945092272981,3.86908075861082,,65.7631857632163,2022,,,
2011,LDC,1220.23843928653,13.7815063258163,,,66.5161002597788,2023,,,
2012,LDC,1258.9400116614,13.0193562709785,,,,2024,,,
2013,LIC,820.562915135461,16.3383646011353,5.00528739533081,,59.9256637801227,2010,,,
2014,LIC,868.530357388221,15.0819897651672,4.79976622784894,,59.8651146290921,2011,,,
2015,LIC,772.447998642062,14.3348999023438,4.92661160893973,,60.4345555796009,2012,,,
2016,LIC,767.544385372142,15.3488397598266,5.4556784951652,,60.8656156397362,2013,,,
2017,LIC,789.28453030719,14.7779650688171,5.54626717798659,,60.8378194343705,2014,,,
2018,LIC,736.645564029793,15.7097797393799,5.53510622621802,,60.9921347017928,2015,,,
2019,LIC,630.769855946827,14.2696499824523,5.75489531950565,,61.4016938292427,2016,,,
2020,LIC,635.47544942083,14.8927789969035,5.5883780884434,,61.5795083857409,2017,,,
2021,LIC,647.163397218355,16.0846600532532,5.26055058483896,,62.3399876414984,2018,,,
2022,LIC,654.940947912545,15.357029914856,5.24828447429705,,62.7974465200669,2019,,,
2023,LIC,607.964753680008,14.2760600158847,5.82017896388899,,62.8180995019214,2020,,,
2024,LIC,643.369305022958,15.5770293375858,5.78697302683995,,62.3799887227483,2021,,,
2025,LIC,723.504638939919,14.4758197870089,5.70982778826442,,63.4583102800447,2022,,,
2026,LIC,697.171191535478,,,,64.5178957936853,2023,,,
2027,LIC,746.934788844338,,,,,2024,,,
2057,LMC,1486.73323791504,16.0323505401611,3.76766410253365,,65.554398103155,2010,,,
2058,LMC,1631.11430442125,16.2078094482422,3.72202880699835,,65.9915065219331,2011,,,
2059,LMC,1695.30445478252,16.878735196451,3.76878516211655,,66.3602661185582,2012,,,
2060,LMC,1763.7890305701,17.3014767983741,3.9738298508567,,66.6966580151048,2013,,,
2061,LMC,1874.775473729,17.0546949068584,3.87458250767729,,67.0394397674063,2014,,,
2062,LMC,1843.92245982702,15.7044897079468,3.93936124255831,,67.3495071977304,2015,,,
2063,LMC,1892.70524039558,15.831259727478,3.89863013555118,,67.679193904199,2016,,,
2064,LMC,2019.49853982875,15.8612899780274,3.59641856827063,,67.9952915350318,2017,,,
2065,LMC,2078.75738872105,16.0908699035644,3.48004617017935,,68.2810033644819,2018,,,
2066,LMC,2153.95427108494,14.2921084679586,3.54548655156744,,68.5574256254118,2019,,,
2067,LMC,2058.43459982702,15.0051253828918,3.82557700475676,,68.040356336938,2020,,,
2068,LMC,2302.44736874388,14.8174866627149,3.96645501282719,,66.3662902978306,2021,,,
2069,LMC,2424.15054696003,14.2437918846171,3.89208323319219,,69.3010946755529,2022,,,
2070,LMC,2443.40827649123,13.3935943690574,,,69.5963746571515,2023,,,
2071,LMC,2517.63261211924,13.4080981163871,,,,2024,,,
2072,LMY,3390.74990282183,16.0323505401611,4.96933418262206,,68.9547877376437,2010,,,
2073,LMY,3939.15229373555,15.118330001831,4.9593865238874,,69.2434633728345,2011,,,
2074,LMY,4130.06444378513,15.8154697418213,5.00421496324174,,69.5823305784091,2012,,,
2075,LMY,4326.21492686569,15.4976797103882,5.09242095323145,,69.8690988867702,2013,,,
2076,LMY,4468.79749861455,15.8017382311737,5.12529660140898,,70.119687558713,2014,,,
2077,LMY,4282.04601624269,15.7009997367859,5.22505390292291,,70.367705276385,2015,,,
2078,LMY,4269.77006692862,15.4760303497315,5.24327869073161,,70.6061841961247,2016,,,
2079,LMY,4607.31736311311,15.6437196731567,5.24509607852903,,70.8082905151177,2017,,,
2080,LMY,4846.86334479652,15.6197370582865,5.19056041528478,,71.1345010717806,2018,,,
2081,LMY,4904.42291649615,14.2717185267026,5.24723489045115,,71.3698556147386,2019,,,
2082,LMY,4698.5175297673,15.086656092871,5.50648181410466,,70.7486800091755,2020,,,
2083,LMY,5485.92472057214,14.8710431551184,5.43628957876351,,69.6717843895896,2021,,,
2084,LMY,5702.28344160279,14.2361097335815,5.28070740290848,,71.6852818823469,2022,,,
2085,LMY,5819.84086254913,13.9669579469216,,,71.9740048771462,2023,,,
2086,LMY,5974.80452228263,14.1911997795105,,,,2024,,,
2102,LTE,6273.65791810552,14.0561399459839,5.22736296202139,,74.7108209347901,2010,,,
2103,LTE,7595.11474079685,13.1916146278382,5.15185809619855,,74.9999962879426,2011,,,
2104,LTE,8069.36106146732,14.1950103944991,5.18692795498118,,75.2994149155161,2012,,,
2105,LTE,8639.80228437874,14.3704700469971,5.29891850868094,,75.5791334287754,2013,,,
2106,LTE,8917.94695533798,13.9723701477051,5.39244644317202,,75.8241028179947,2014,,,
2107,LTE,8325.54664463079,13.5471096038818,5.45417976345946,,76.0763839787839,2015,,,
2108,LTE,8290.74162992553,13.596960067749,5.53887738948853,,76.293092854666,2016,,,
2109,LTE,9131.37216704566,13.3671703338623,5.63730695685838,,76.4176788737102,2017,,,
2110,LTE,9959.6655103541,13.2388801574707,5.61712622605218,,76.7784257230861,2018,,,
2111,LTE,10112.2012892771,13.5306997299194,5.77394271988581,,76.9982668440355,2019,,,
2112,LTE,9869.54019951006,12.4690258275955,6.12303976552995,,76.6937147799405,2020,,,
2113,LTE,11755.4245358535,12.7598566308244,5.91048493178983,,76.306088329774,2021,,,
2114,LTE,12280.1075352976,13.1007251739502,5.82776755014006,,76.9545802485126,2022,,,
2115,LTE,12422.7253981593,14.1005201339722,,,77.130120543495,2023,,,
2116,LTE,12843.3344406811,,,,,2024,,,
2265,MEA,4858.24316666732,,4.43390646215421,,69.2105446964534,2010,,,
2266,MEA,5718.86907861057,,4.33315505253459,,69.3940300698411,2011,,,
2267,MEA,6035.56581008106,12.307939529419,4.38107540020409,,69.4551250054337,2012,,,
2268,MEA,5852.49197095773,,4.44799928409948,,69.7083402537461,2013,,,
2269,MEA,5794.32810284726,,4.80304275824784,,69.9898830097692,2014,,,
2270,MEA,5108.83117786409,,5.27362664734617,,70.1511049169228,2015,,,
2271,MEA,5080.74067722357,15.159589767456,5.58848769475843,,70.4289278068118,2016,,,
2272,MEA,5232.29631554928,15.2072200775147,5.51634938597492,,70.7097575308251,2017,,,
2273,MEA,5509.55913785523,12.1924793986342,5.24782297038862,,70.9403213532696,2018,,,
2274,MEA,5371.48987165166,13.0579996109009,5.1967057199658,,71.2438695042576,2019,,,
2275,MEA,4707.81986084887,12.7982301712036,5.79883576129704,,69.9110789555644,2020,,,
2276,MEA,5575.27298626728,,5.51406133568945,,69.7113193479505,2021,,,
2277,MEA,6383.39839256713,13.101506524289,4.77770057338766,,71.6918319737772,2022,,,
2278,MEA,6063.05247657864,,,,72.0839412410497,2023,,,
2279,MEA,6180.85878446824,,,,,2024,,,
2310,MIC,3607.26997781882,15.9192847916518,4.96871630280936,,69.7116856504068,2010,,,
2311,MIC,4201.46234199476,15.1585597991943,4.96192467577341,,70.0417625323479,2011,,,
2312,MIC,4420.32330991182,16.2496795654297,5.00526370588878,,70.3719580017028,2012,,,
2313,MIC,4637.49468742645,16.519653190418,5.08774383840437,,70.6558539715979,2013,,,
2314,MIC,4794.47609466369,16.2275104522705,5.11974388067135,,70.9403712992755,2014,,,
2315,MIC,4599.80845420887,15.6922197341919,5.22101967538776,,71.2072642315496,2015,,,
2316,MIC,4600.22936847744,15.6925601959228,5.23735171318806,,71.4424241214902,2016,,,
2317,MIC,4973.53707967724,15.68577003479,5.24132788094364,,71.6599756723334,2017,,,
2318,MIC,5240.73875711968,15.5829000473022,5.18980364299016,,71.9601326916177,2018,,,
2319,MIC,5310.45350032975,14.2023209151412,5.24722414101455,,72.1896324078539,2019,,,
2320,MIC,5096.7359040376,15.431959375,5.5033139127362,,71.5214553857761,2020,,,
2321,MIC,5966.0001578766,14.7332550874403,5.43298571451409,,70.3957107787488,2021,,,
2322,MIC,6205.5459977675,14.1957921032026,5.27623676497642,,72.5175506717212,2022,,,
2323,MIC,6347.75391928371,13.6350305051876,,,72.7431938727471,2023,,,
2324,MIC,6524.2573581605,14.0108980633147,,,,2024,,,
2385,MNA,2816.19347268048,17.0771293640137,4.84089968081611,,68.4912505131132,2010,,,
2386,MNA,3232.55085445125,,4.83193379956656,,68.6624095113408,2011,,,
2387,MNA,3412.57302470239,13.930283386597,4.87607756290106,,68.6913310388784,2012,,,
2388,MNA,3148.3641242062,,4.75727320978852,,68.9136300385634,2013,,,
2389,MNA,3073.79994256308,,5.03982781010531,,69.1715558421355,2014,,,
2390,MNA,2802.63134980934,14.6359174850601,5.3744314967733,,69.2873263613117,2015,,,
2391,MNA,2832.83052598,15.6353169589452,5.68857426475213,,69.5328376363007,2016,,,
2392,MNA,2827.77247042523,15.6525497436523,5.62709939003483,,69.8141316373328,2017,,,
2393,MNA,2789.82637461637,,5.39176326306892,,70.0733668958653,2018,,,
2394,MNA,2674.37046083008,,5.05956814371892,,70.417484585256,2019,,,
2395,MNA,2381.42542469934,,5.06689821689,,69.0506342866219,2020,,,
2396,MNA,2719.53126773593,,5.06053293001311,,68.9280214782653,2021,,,
2397,MNA,2975.95566292741,,4.66238097726895,,71.0055315443397,2022,,,
2398,MNA,2797.40730719316,,,,71.2758849884582,2023,,,
2399,MNA,2903.59793979158,,,,,2024,,,
2519,NAC,48545.7943594729,12.3359603881836,15.6641585013682,,78.8169547045614,2010,,,
2520,NAC,50251.9927293556,12.2191400527954,15.5490384335188,,78.9234323511493,2011,,,
2521,NAC,51812.8857334456,,15.5560257154204,,79.0322253270364,2012,,,
2522,NAC,53240.4042117038,11.2129096984863,15.4392975869478,,79.0411295925554,2013,,,
2523,NAC,54742.8320426801,12.1208801269531,15.6445369088211,,79.135655352291,2014,,,
2524,NAC,55534.4570291574,12.9491348266601,16.0336500694088,,79.0036254654542,2015,,,
2525,NAC,56416.7850235092,12.6030550003052,16.3605276849869,,78.8800103845064,2016,,,
2526,NAC,58555.8897810427,13.0231199264527,16.3016397152987,,78.8688036246685,2017,,,
2527,NAC,61228.195827322,12.6161403656006,16.1780628699867,,78.9607960728398,2018,,,
2528,NAC,63306.7999807977,12.5053148269653,16.2416960315919,,79.1334134419141,2019,,,
2529,NAC,62262.642409838,12.0980548858643,18.3966978308261,,77.4498099795241,2020,,,
2530,NAC,69412.9137512303,10.1891598701477,17.1061221251478,,76.8657678890549,2021,,,
2531,NAC,75613.4507146586,10.6535596847534,16.0873935052985,,77.8327679594239,2022,,,
2532,NAC,79326.9076599571,,,,78.7328213732191,2023,,,
2533,NAC,82406.4788664869,,,,,2024,,,
2683,OED,35109.1537425529,11.948920249939,11.5421740552683,,79.0473008520596,2010,,,
2684,OED,37574.5601858864,12.2777452468872,11.5824784970224,,79.2685938676768,2011,,,
2685,OED,37293.6070680492,11.8632898330688,11.7159651642302,,79.4298859829549,2012,,,
2686,OED,37604.1010576836,12.5301504135132,11.7184672621635,,79.6249276178205,2013,,,
2687,OED,38158.0062149102,12.392560005188,11.8728218399122,,79.8766518985509,2014,,,
2688,OED,35772.5321374449,12.7799501419068,12.2388639455971,,79.761947694534,2015,,,
2689,OED,36235.9988250637,12.9944200515747,12.4023651545069,,79.8914226918914,2016,,,
2690,OED,37617.8631046886,12.1506299972534,12.3563902352114,,79.931058371801,2017,,,
2691,OED,39539.1861151287,12.1327252388001,12.317361471488,,80.0281711116686,2018,,,
2692,OED,39718.0136147565,12.0098304748535,12.5170969953795,,80.2450777215729,2019,,,
2693,OED,38704.9773091343,11.7799196243286,13.9548021437434,,78.958047957323,2020,,,
2694,OED,43149.6072484462,11.5493998527527,13.3825455870966,,78.5886217634772,2021,,,
2695,OED,44046.426245598,11.3262901306152,12.8581997119343,,79.5215684599377,2022,,,
2696,OED,46672.5139916762,,,,80.1615573011432,2023,,,
2697,OED,48454.6975400673,,,,,2024,,,
2713,OSS,10129.0011242625,14.5731496810913,6.13813460214572,,69.566524844548,2010,,,
2714,OSS,11452.4197158894,13.846170425415,5.93266044586811,,69.9373436903887,2011,,,
2715,OSS,11066.661122606,13.4119548797607,5.93432119673987,,70.3920318149408,2012,,,
2716,OSS,11402.9692088116,14.7890100479126,6.1351630654255,,70.8040790092001,2013,,,
2717,OSS,11654.5163685277,12.3347997665405,6.31155978956079,,71.0998162246591,2014,,,
2718,OSS,10334.0987006005,13.7631549835205,6.53026808830539,,71.4795830574543,2015,,,
2719,OSS,10776.87092047,15.2990097999573,6.6594502751401,,71.7745690542754,2016,,,
2720,OSS,11912.4763555956,15.2365646362304,6.61573361466654,,72.1237658150048,2017,,,
2721,OSS,12980.3425379993,14.4741497039795,6.63280912415293,,72.4217850423792,2018,,,
2722,OSS,12871.1657622001,13.2011098861694,6.79197700800766,,72.6570116424877,2019,,,
2723,OSS,11728.9524519274,12.1634101867676,7.93783922265748,,72.5097097789427,2020,,,
2724,OSS,13671.456548983,12.3894596099853,8.09387882200355,,71.7699719301416,2021,,,
2725,OSS,14298.1028214028,14.3706150054932,7.59538348982629,,72.9049248661262,2022,,,
2726,OSS,15151.4664915358,,,,73.5646945094343,2023,,,
2727,OSS,15867.6733515992,14.1914196014404,,,,2024,,,
2832,PRE,1403.06256875661,16.5881004333496,3.86369696035986,,57.1219983597813,2010,,,
2833,PRE,1578.4982831648,15.0819897651672,3.72331540497137,,57.3118533177816,2011,,,
2834,PRE,1666.73415581542,14.8580098152161,3.60105703429644,,58.0153462397337,2012,,,
2835,PRE,1773.26342095396,15.1999998092651,3.74986820349002,,58.4503631169364,2013,,,
2836,PRE,1824.36490807362,15.3613400459289,3.72141912419832,,58.6086588197397,2014,,,
2837,PRE,1508.88772064734,15.9607095718384,3.99148242633029,,58.93626650033,2015,,,
2838,PRE,1307.18884005457,15.3471603393555,4.31076943120146,,59.2363562400827,2016,,,
2839,PRE,1327.75746285089,15.6735749244689,4.16032014694797,,59.5402350736624,2017,,,
2840,PRE,1439.93370870327,16.9870300292969,3.85700433189186,,60.2074724802348,2018,,,
2841,PRE,1476.62187329691,15.3244476590254,3.88660865732225,,60.5568008955552,2019,,,
2842,PRE,1320.70911111119,14.3935112556953,4.42106073375997,,60.5012070014439,2020,,,
2843,PRE,1412.70908920903,15.0479038536836,4.58624778178435,,60.2752505117259,2021,,,
2844,PRE,1577.71627123527,14.7336452370994,4.40453866350323,,61.3832880029503,2022,,,
2845,PRE,1416.33353040951,14.8236041330292,,,62.1636298902791,2023,,,
2846,PRE,1290.20000126508,,,,,2024,,,
2922,PSS,2903.69051166434,,5.47801541474722,,67.9059171883101,2010,,,
2923,PSS,3341.48832070497,,4.74596697076473,,68.0222810195532,2011,,,
2924,PSS,3494.91242432315,,4.92176851475455,,67.6660532253593,2012,,,
2925,PSS,3586.99115235794,,4.83189083160844,,68.0054625635404,2013,,,
2926,PSS,3847.92223002139,,4.82286076950276,,68.0376132124003,2014,,,
2927,PSS,3721.79465162999,,4.87321608633675,,68.1166096033138,2015,,,
2928,PSS,3853.8127301538,,4.79693155149397,,68.2856508563666,2016,,,
2929,PSS,4096.99353767088,,4.61764905781976,,68.5192875005129,2017,,,
2930,PSS,4245.78362603826,,5.13239240644297,,68.5825887890247,2018,,,
2931,PSS,4170.32120953703,,5.4208626839502,,68.6421578303985,2019,,,
2932,PSS,3666.08926363725,,6.21384084271434,,68.3568108792759,2020,,,
2933,PSS,3649.53388709298,,7.29417195704484,,67.4810209240703,2021,,,
2934,PSS,3888.62868011839,,5.69865043834882,,69.1004348993561,2022,,,
2935,PSS,4153.19706628517,,,,69.2745949035856,2023,,,
2936,PSS,4399.41105391407,,,,,2024,,,
2937,PST,39742.8120680719,11.7781295776367,11.8946006511909,,79.6785405516336,2010,,,
2938,PST,42571.9228706841,11.6148347854615,11.9623384635785,,79.9443824717696,2011,,,
2939,PST,42306.3882268814,12.0936851501464,12.1125501211492,,80.088710974095,2012,,,
2940,PST,42602.2415892635,12.0413799285888,12.1318353594715,,80.2734415662981,2013,,,
2941,PST,43284.9519696182,12.399640083313,12.3147909831819,,80.5390454613178,2014,,,
2942,PST,40767.6732069989,12.351619720459,12.7037937355728,,80.4400997313335,2015,,,
2943,PST,41511.1088722467,12.2832899093628,12.8489060470047,,80.6112411501517,2016,,,
2944,PST,43134.0864740614,12.1707401275635,12.8057562327802,,80.6650553844053,2017,,,
2945,PST,45528.3268108868,12.0133600234985,12.7522381022414,,80.7442826647034,2018,,,
2946,PST,45864.970468297,11.8796854019165,12.9551662626736,,80.9700933374947,2019,,,
2947,PST,44887.3835189149,11.8403196334839,14.4439450584228,,80.0659140743109,2020,,,
2948,PST,50022.0389228787,11.5493998527527,13.8579358206883,,79.7955815488505,2021,,,
2949,PST,51102.3562661077,11.9795498847961,13.3619145459507,,80.1978532076615,2022,,,
2950,PST,53961.341810452,,,,80.8228346378274,2023,,,
2951,PST,55865.7865373976,,,,,2024,,,
3026,SAS,1294.02742131622,11.8336801528931,3.30021024682314,,67.3525068406787,2010,,,
3027,SAS,1397.0068242448,15.1794400215149,3.22089990223588,,67.8108394834024,2011,,,
3028,SAS,1387.18205938261,14.8686199188232,3.28511295230873,,68.2629615309516,2012,,,
3029,SAS,1405.85695515339,14.0424604415894,3.65992309365281,,68.6853288301062,2013,,,
3030,SAS,1528.49038355087,14.5122409529269,3.53519781220857,,69.1208563538772,2014,,,
3031,SAS,1570.54142462917,13.8681614388569,3.51930676428738,,69.5110334122263,2015,,,
3032,SAS,1722.90703415144,16.7251300811768,3.42627632541311,,69.9184707063298,2016,,,
3033,SAS,1956.06707554186,15.8097696304321,2.92068297911061,,70.2904723380061,2017,,,
3034,SAS,1988.3663331799,14.1735206841959,2.8522568100232,,70.6523573971364,2018,,,
3035,SAS,2067.05975687637,12.1130298505003,2.92861102715442,,70.9975623145981,2019,,,
3036,SAS,1957.20343722686,15.0179139861907,3.26397792686911,,70.3622206982499,2020,,,
3037,SAS,2273.72055798689,13.5795920769684,3.2821181510924,,67.8215299767513,2021,,,
3038,SAS,2385.08341578414,12.4209847058498,3.26451802514628,,72.0115731308447,2022,,,
3039,SAS,2532.37560051691,13.0012248166938,,,72.3247648783903,2023,,,
3040,SAS,2691.64556264089,11.2647104167737,,,,2024,,,
3190,SSA,1772.02278164044,17.5796451568604,5.2117879078869,,56.8122732906384,2010,,,
3191,SSA,1940.73922734818,16.1235847473144,5.15265237145436,,57.1199263048404,2011,,,
3192,SSA,1951.19290324587,16.4283199310303,4.98335203750741,,57.8637275594482,2012,,,
3193,SSA,2014.04142955922,16.1830902099609,4.9785967969933,,58.3281102187957,2013,,,
3194,SSA,2035.87326175074,17.4073095441863,4.78560670256909,,58.5396963590643,2014,,,
3195,SSA,1747.88416619556,16.8445100784301,5.03579539354746,,58.9244569362249,2015,,,
3196,SSA,1536.05359120559,15.831259727478,5.11546963597073,,59.3199433875513,2016,,,
3197,SSA,1630.62595897119,16.4485397338867,5.09682716958533,,59.6367115940116,2017,,,
3198,SSA,1708.80108637029,17.2933692932129,4.7757092497546,,60.2582610385453,2018,,,
3199,SSA,1705.21463047615,16.0102047920227,4.76522980559181,,60.6065912895076,2019,,,
3200,SSA,1544.4411207735,15.6566553846421,5.14779123579897,,60.6222294256854,2020,,,
3201,SSA,1700.42199943914,15.3551631854332,5.32770890491954,,60.1774746494858,2021,,,
3202,SSA,1772.65535427221,14.9914706871899,5.2202508707307,,61.2833535992957,2022,,,
3203,SSA,1614.13902501696,14.9241221081711,,,62.0654798813283,2023,,,
3204,SSA,1506.22853698028,15.3772099653715,,,,2024,,,
3219,SSF,1627.0749666999,17.6112308502197,5.21718140406213,,57.1070604462138,2010,,,
3220,SSF,1779.85473126318,16.9037895202637,5.13927954550998,,57.4734418430734,2011,,,
3221,SSF,1800.18917356916,16.6535275637406,4.97275468231424,,58.2281190131813,2012,,,
3222,SSF,1860.15512086344,16.1913795471191,4.9544757417077,,58.7179604310977,2013,,,
3223,SSF,1886.52398812139,17.6112446845077,4.76318104536755,,58.9855723923094,2014,,,
3224,SSF,1635.04422604526,16.9629096984863,4.98801331717234,,59.398721466191,2015,,,
3225,SSF,1452.27420076776,15.9112849235534,5.04112464413143,,59.8121001978138,2016,,,
3226,SSF,1542.24464874276,16.534330368042,5.01528495099955,,60.1584015341066,2017,,,
3227,SSF,1612.7355316349,17.4074497222901,4.70597805906596,,60.7667275136709,2018,,,
3228,SSF,1617.66888069241,16.6633796691894,4.68527636645713,,61.1293218424873,2019,,,
3229,SSF,1480.47864226138,15.6666108638886,5.04436577902093,,61.1675270829902,2020,,,
3230,SSF,1621.10097013513,15.4014366113324,5.20576275196705,,60.7034363660672,2021,,,
3231,SSF,1696.43999286939,15.250486156436,5.07480351716063,,61.8571795894802,2022,,,
3232,SSF,1544.75911473464,15.024640083313,,,62.6029134885664,2023,,,
3233,SSF,1441.32038465812,15.6886049826857,,,,2024,,,
3234,SST,9773.34614588001,14.0658946037292,5.81123776502635,,69.6933118913694,2010,,,
3235,SST,10864.4855234231,13.5612750053406,5.61638911769305,,70.0014375655617,2011,,,
3236,SST,10805.9481933734,11.8632898330688,5.59355983221181,,70.2725959153837,2012,,,
3237,SST,11103.7133303959,13.6335401535034,5.76012184401816,,70.6156980246326,2013,,,
3238,SST,11381.9969283897,11.9269847869873,5.86856427655695,,70.8536154373809,2014,,,
3239,SST,10408.6618377241,12.8675603866577,6.09743366496784,,71.1242805019157,2015,,,
3240,SST,10444.2724484059,15.159589767456,6.32904773441199,,71.3759850327933,2016,,,
3241,SST,11271.7930201063,14.8294095993042,6.35885540612451,,71.6556194082548,2017,,,
3242,SST,12009.7862050813,13.8565149307251,6.38847491024979,,71.8640735615265,2018,,,
3243,SST,11958.5107041682,13.0133399963378,6.55857530125287,,72.0009607335469,2019,,,
3244,SST,10699.2911713647,12.1383652687073,7.60723148624133,,71.8255552822673,2020,,,
3245,SST,12369.0639776112,12.1555247306823,7.66740724885444,,70.7756825891382,2021,,,
3246,SST,13598.1107991474,13.0291900634766,6.97269446236539,,72.3794678577605,2022,,,
3247,SST,14222.966048012,,,,72.9007197557042,2023,,,
3248,SST,15291.69576976,11.5279027588389,,,,2024,,,
3413,TEA,4104.80586778241,15.4668798446656,4.02280840480703,,73.8065980873172,2010,,,
3414,TEA,4970.50790233388,12.1508502960205,4.14430338497798,,74.0266932049917,2011,,,
3415,TEA,5497.15733943136,16.2488250732422,4.33974676016699,,74.2971126258118,2012,,,
3416,TEA,6020.72681041414,16.6078553199768,4.47144008112409,,74.5190033698096,2013,,,
3417,TEA,6446.13733465555,15.5159407407407,4.55842191187685,,74.7479822020749,2014,,,
3418,TEA,6664.48716537469,15.0167530601057,4.7193646040799,,74.9777768374826,2015,,,
3419,TEA,6758.74015480622,13.0631103515625,4.75543505360665,,75.1832269955477,2016,,,
3420,TEA,7323.51023176133,12.0422779728419,4.820488543853,,75.2671640185859,2017,,,
3421,TEA,8136.36881824421,11.1683780140713,4.91942341840739,,75.6101241544348,2018,,,
3422,TEA,8379.40686898285,10.831620568327,5.06534114409972,,75.8042877234534,2019,,,
3423,TEA,8485.42025780464,10.8654965415838,5.35338234770251,,75.7338497054699,2020,,,
3424,TEA,10086.4785164265,10.4279029674629,5.26160554561104,,75.3009806060199,2021,,,
3425,TEA,10220.360503609,11.6742808441972,5.15471141855297,,75.9610347461336,2022,,,
3426,TEA,10239.674334039,11.9599823394206,,,75.9085643603807,2023,,,
3427,TEA,10513.9755660123,12.1624603968,,,,2024,,,
3428,TEC,8268.157718639,11.4707746505737,5.35783819264233,,71.4358973425353,2010,,,
3429,TEC,10016.6162732559,11.3633499145508,5.06134295385013,,71.9266644042886,2011,,,
3430,TEC,10406.7915588105,12.5606350898743,5.11254634485827,,72.3341256741961,2012,,,
3431,TEC,10953.7259867092,12.1239099502563,5.17788413671325,,72.7951088424644,2013,,,
3432,TEC,10297.0853605718,12.406720161438,5.20985304506523,,73.0402237681207,2014,,,
3433,TEC,8004.56641973475,11.5371503829956,5.22770731157473,,73.3424651216518,2015,,,
3434,TEC,7653.97807124132,12.2832899093628,5.3401503689193,,73.6922376190485,2016,,,
3435,TEC,8560.70709859886,12.5580801963807,5.34595138188035,,74.134211186205,2017,,,
3436,TEC,8890.61596620106,12.5308599472046,5.35989560017933,,74.3004387516548,2018,,,
3437,TEC,9034.43209100317,13.1106300354004,5.5762762818063,,74.5939674450224,2019,,,
3438,TEC,8456.58174660206,11.803279876709,6.77371190582262,,73.1523738187621,2020,,,
3439,TEC,9987.98864443054,11.5247602462769,6.45749007322387,,72.1539007720004,2021,,,
3440,TEC,11410.4415323006,12.0857996940613,6.08316962254762,,74.1916033602425,2022,,,
3441,TEC,12106.9240912296,14.6913599967957,,,74.7300564025194,2023,,,
3442,TEC,13257.56545104,,,,,2024,,,
3503,TLA,9114.95264435886,16.1029396057129,7.17651522543735,,73.2840381673624,2010,,,
3504,TLA,10277.044381301,15.2931151390076,7.08156634031157,,73.8112572375492,2011,,,
3505,TLA,10277.5033533738,17.6779278193166,7.10714935532085,,74.0531427389642,2012,,,
3506,TLA,10420.2573335148,16.9059906005859,7.24677508763156,,74.2726524054357,2013,,,
3507,TLA,10506.5803083213,17.1788854598999,7.37388401667686,,74.4642031483392,2014,,,
3508,TLA,8616.95753415631,17.9547243118286,7.71392397702556,,74.6505904118153,2015,,,
3509,TLA,8301.80532535391,17.9393291473389,7.77229179740507,,74.5894794269073,2016,,,
3510,TLA,9163.64829375482,17.9492292404175,7.99391671547718,,74.7614101353626,2017,,,
3511,TLA,8875.74361403055,17.1521797180176,7.86841690783668,,74.9760978010797,2018,,,
3512,TLA,8654.9472124286,16.4606836262224,7.88279184821226,,75.1319711493442,2019,,,
3513,TLA,7240.29672376392,15.9272603988647,8.28411032814084,,73.0747493617473,2020,,,
3514,TLA,8382.42554035091,15.9950332108669,8.23664334209078,,71.7449274626405,2021,,,
3515,TLA,9482.77639942335,15.7813301086426,7.90302350490199,,74.5684293540859,2022,,,
3516,TLA,10593.1164302324,12.7298540573841,,,75.5699258379688,2023,,,
3517,TLA,10784.3171528207,13.0193562709785,,,,2024,,,
3533,TMN,2817.90380218152,17.0771293640137,4.8153593422507,,68.4594967501144,2010,,,
3534,TMN,3234.88259884026,,4.79347768948202,,68.6299635824863,2011,,,
3535,TMN,3414.87165876932,13.930283386597,4.84362229988361,,68.6578262057094,2012,,,
3536,TMN,3147.24679176219,,4.71714448663521,,68.8786484698568,2013,,,
3537,TMN,3071.92771989,,5.00400322732108,,69.147274936726,2014,,,
3538,TMN,2799.45441811562,14.6359174850601,5.3435056476725,,69.2515348606398,2015,,,
3539,TMN,2828.10049044876,15.6353169589452,5.6604203608633,,69.4961826399098,2016,,,
3540,TMN,2822.35969144684,15.6525497436523,5.59648039795035,,69.7772409464567,2017,,,
3541,TMN,2784.50967675137,14.4741497039795,5.35421535494765,,70.0368444388331,2018,,,
3542,TMN,2667.55895258895,16.0217587293579,5.01987040853924,,70.3800917806817,2019,,,
3543,TMN,2375.4738441756,16.549171340634,5.01675275494453,,69.0090964026373,2020,,,
3544,TMN,2712.78189413176,,5.00871922352969,,68.893103228232,2021,,,
3545,TMN,2970.11428767476,13.101506524289,4.61587067886576,,70.965432550888,2022,,,
3546,TMN,2792.71457545742,,,,71.3194560888195,2023,,,
3547,TMN,2905.83377209255,,,,,2024,,,
3563,TSA,1294.02742131622,11.8336801528931,3.30021024682314,,67.3525068406787,2010,,,
3564,TSA,1397.0068242448,15.1794400215149,3.22089990223588,,67.8108394834024,2011,,,
3565,TSA,1387.18205938261,14.8686199188232,3.28511295230873,,68.2629615309516,2012,,,
3566,TSA,1405.85695515339,14.0424604415894,3.65992309365281,,68.6853288301062,2013,,,
3567,TSA,1528.49038355087,14.5122409529269,3.53519781220857,,69.1208563538772,2014,,,
3568,TSA,1570.54142462917,13.8681614388569,3.51930676428738,,69.5110334122263,2015,,,
3569,TSA,1722.90703415144,16.7251300811768,3.42627632541311,,69.9184707063298,2016,,,
3570,TSA,1956.06707554186,15.8097696304321,2.92068297911061,,70.2904723380061,2017,,,
3571,TSA,1988.3663331799,14.1735206841959,2.8522568100232,,70.6523573971364,2018,,,
3572,TSA,2067.05975687637,12.1130298505003,2.92861102715442,,70.9975623145981,2019,,,
3573,TSA,1957.20343722686,15.0179139861907,3.26397792686911,,70.3622206982499,2020,,,
3574,TSA,2273.72055798689,13.5795920769684,3.2821181510924,,67.8215299767513,2021,,,
3575,TSA,2385.08341578414,12.4209847058498,3.26451802514628,,72.0115731308447,2022,,,
3576,TSA,2532.37560051691,13.0012248166938,,,72.3247648783903,2023,,,
3577,TSA,2691.64556264089,11.2647104167737,,,,2024,,,
3578,TSS,1627.0749666999,17.6112308502197,5.21718140406213,,57.1070604462138,2010,,,
3579,TSS,1779.85473126318,16.9037895202637,5.13927954550998,,57.4734418430734,2011,,,
3580,TSS,1800.18917356916,16.6535275637406,4.97275468231424,,58.2281190131813,2012,,,
3581,TSS,1860.15512086344,16.1913795471191,4.9544757417077,,58.7179604310977,2013,,,
3582,TSS,1886.52398812139,17.6112446845077,4.76318104536755,,58.9855723923094,2014,,,
3583,TSS,1635.04422604526,16.9629096984863,4.98801331717234,,59.398721466191,2015,,,
3584,TSS,1452.27420076776,15.9112849235534,5.04112464413143,,59.8121001978138,2016,,,
3585,TSS,1542.24464874276,16.534330368042,5.01528495099954,,60.1584015341065,2017,,,
3586,TSS,1612.7355316349,17.4074497222901,4.70597805906596,,60.7667275136709,2018,,,
3587,TSS,1617.66888069241,16.6633796691894,4.68527636645713,,61.1293218424873,2019,,,
3588,TSS,1480.47864226138,15.6666108638886,5.04436577902093,,61.1675270829902,2020,,,
3589,TSS,1621.10097013513,15.4014366113324,5.20576275196704,,60.7034363660672,2021,,,
3590,TSS,1696.43999286939,15.250486156436,5.07480351716063,,61.8571795894802,2022,,,
3591,TSS,1544.75911473464,15.024640083313,,,62.6029134885664,2023,,,
3592,TSS,1441.32038465812,15.6886049826857,,,,2024,,,
3698,UMC,5708.67954079566,15.8688473556953,5.27888982502619,,73.8314745903693,2010,,,
3699,UMC,6770.88093954984,14.8663148880004,5.26061707076445,,74.0905539667731,2011,,,
3700,UMC,7164.76971469614,15.4721725056273,5.3000178967697,,74.4122505468625,2012,,,
3701,UMC,7551.70896903369,15.367449760437,5.35166782134673,,74.6708599526613,2013,,,
3702,UMC,7776.90941402394,16.0836515386161,5.42646840639788,,74.9251182605804,2014,,,
3703,UMC,7434.5956962152,15.2635682817487,5.54809942598377,,75.1754691734539,2015,,,
3704,UMC,7404.71205158264,13.9301700592041,5.59191206595036,,75.3404185539197,2016,,,
3705,UMC,8053.63318157659,14.2683095932007,5.67154091163589,,75.4810427213008,2017,,,
3706,UMC,8559.82716365995,13.830560207367,5.62579524300508,,75.8220642064272,2018,,,
3707,UMC,8647.39963930799,14.0744772919358,5.69548445482402,,76.029480770985,2019,,,
3708,UMC,8334.90582376743,15.6342897415161,5.9450607413489,,75.2315516201179,2020,,,
3709,UMC,9905.05583452615,14.3231296539307,5.80130253492925,,74.7276149865895,2021,,,
3710,UMC,10310.8668761078,14.0197441736609,5.63327835699657,,76.0092804332746,2022,,,
3711,UMC,10631.3167441564,13.7663906568377,,,76.1953051028563,2023,,,
3712,UMC,10961.8184459945,,,,,2024,,,
3847,WLD,9530.01080884583,13.8172702789307,9.48534687791841,,70.6818433466141,2010,,,
3848,WLD,10471.5364278845,13.6113700866699,9.34362525236793,,70.9680134853525,2011,,,
3849,WLD,10570.7588133609,14.3883600234985,9.35103663014768,,71.2637545794112,2012,,,
3850,WLD,10744.6203643034,14.5567302703857,9.32807150930666,,71.5326702064453,2013,,,
3851,WLD,10911.8067383149,14.3063624387113,9.43287402979062,,71.7755436817156,2014,,,
3852,WLD,10175.4094195078,14.1274099349976,9.7101478161379,,71.9647545102466,2015,,,
3853,WLD,10221.3659804648,13.9976402445565,9.84379259512955,,72.1848945967683,2016,,,
3854,WLD,10765.2662233504,14.4997596740723,9.72543081323153,,72.3653447819616,2017,,,
3855,WLD,11326.9339016063,14.1018695831299,9.64771036563452,,72.6436120803356,2018,,,
3856,WLD,11376.8233409998,13.4748601913452,9.7810805443502,,72.8689103086688,2019,,,
3857,WLD,10963.1756422364,13.6290164369581,10.8588447253121,,72.1822239463873,2020,,,
3858,WLD,12418.5659245064,12.7929880161116,10.3399925552483,,71.2154841745704,2021,,,
3859,WLD,12819.7448379733,13.101506524289,9.88666161312111,,72.9690157226638,2022,,,
3860,WLD,13259.7098707258,,,,73.3297162833404,2023,,,
3861,WLD,13663.9924550685,,,,,2024,,,
